01/12/2017 Fri 08:05:31,433
01/12/2017 Fri 08:07:39,444
01/12/2017 Fri 08:07:58,449
01/12/2017 Fri 08:08:18,453
01/12/2017 Fri 08:08:38,453
01/12/2017 Fri 08:09:00,456
01/12/2017 Fri 08:09:35,461
01/12/2017 Fri 08:10:33,463
01/12/2017 Fri 08:11:28,467
01/12/2017 Fri 08:11:51,475
01/12/2017 Fri 08:12:12,475
01/12/2017 Fri 08:12:29,478
01/12/2017 Fri 08:12:50,479
01/12/2017 Fri 08:13:11,484
01/12/2017 Fri 08:16:33,496
01/12/2017 Fri 08:16:53,499
01/12/2017 Fri 08:17:13,502
01/12/2017 Fri 08:17:33,505
01/12/2017 Fri 08:17:52,506
01/12/2017 Fri 08:18:29,507
01/12/2017 Fri 08:18:48,509
01/12/2017 Fri 08:19:11,511
01/12/2017 Fri 08:19:54,513
01/12/2017 Fri 08:20:17,518
01/12/2017 Fri 08:20:38,519
01/12/2017 Fri 08:21:00,520
01/12/2017 Fri 08:21:20,521
01/12/2017 Fri 08:21:40,523
01/12/2017 Fri 08:22:27,524
01/12/2017 Fri 08:22:46,527
01/12/2017 Fri 08:23:07,529
01/12/2017 Fri 08:23:26,531
01/12/2017 Fri 08:25:00,542
01/12/2017 Fri 08:25:20,543
01/12/2017 Fri 08:25:40,545
01/12/2017 Fri 08:26:00,549
01/12/2017 Fri 08:26:20,550
01/12/2017 Fri 08:26:56,555
01/12/2017 Fri 08:27:15,558
01/12/2017 Fri 08:27:35,564
01/12/2017 Fri 08:27:56,567
01/12/2017 Fri 08:28:16,569
01/12/2017 Fri 08:28:35,572
01/12/2017 Fri 08:28:55,573
01/12/2017 Fri 08:29:15,578
01/12/2017 Fri 08:29:59,581
01/12/2017 Fri 08:30:18,588
01/12/2017 Fri 08:31:59,596
01/12/2017 Fri 08:32:20,598
01/12/2017 Fri 08:32:39,598
01/12/2017 Fri 08:33:03,601
01/12/2017 Fri 08:33:29,603
01/12/2017 Fri 08:34:05,604
01/12/2017 Fri 08:34:25,607
01/12/2017 Fri 08:34:44,611
01/12/2017 Fri 08:35:04,614
01/12/2017 Fri 08:35:28,616
01/12/2017 Fri 08:35:48,620
01/12/2017 Fri 08:36:08,624
01/12/2017 Fri 08:36:28,627
01/12/2017 Fri 08:37:17,633
01/12/2017 Fri 08:37:44,639
01/12/2017 Fri 08:38:09,644
01/12/2017 Fri 08:38:28,649
01/12/2017 Fri 08:38:48,651
01/12/2017 Fri 08:39:08,653
01/12/2017 Fri 08:39:27,655
01/12/2017 Fri 08:39:47,658
01/12/2017 Fri 08:40:37,663
01/12/2017 Fri 08:40:57,668
01/12/2017 Fri 08:41:16,673
01/12/2017 Fri 08:41:36,676
01/12/2017 Fri 08:41:56,678
01/12/2017 Fri 08:42:16,682
01/12/2017 Fri 08:42:40,684
01/12/2017 Fri 08:43:21,688
01/12/2017 Fri 08:43:41,690
01/12/2017 Fri 08:44:00,690
01/12/2017 Fri 08:44:20,690
01/12/2017 Fri 08:44:40,693
01/12/2017 Fri 08:45:00,695
01/12/2017 Fri 08:45:23,695
01/12/2017 Fri 08:45:48,695
01/12/2017 Fri 08:46:31,696
01/12/2017 Fri 08:46:52,700
01/12/2017 Fri 08:47:17,700
01/12/2017 Fri 08:47:36,705
01/12/2017 Fri 08:47:56,705
01/12/2017 Fri 08:48:16,708
01/12/2017 Fri 08:48:35,710
01/12/2017 Fri 08:49:16,712
01/12/2017 Fri 08:49:36,715
01/12/2017 Fri 08:49:55,718
01/12/2017 Fri 08:50:15,720
01/12/2017 Fri 08:50:35,721
01/12/2017 Fri 08:50:54,725
01/12/2017 Fri 08:51:14,725
01/12/2017 Fri 08:51:33,725
01/12/2017 Fri 08:52:17,725
01/12/2017 Fri 08:52:46,727
01/12/2017 Fri 08:53:06,730
01/12/2017 Fri 08:53:31,730
01/12/2017 Fri 08:53:50,730
01/12/2017 Fri 08:54:10,730
01/12/2017 Fri 08:54:31,730
01/12/2017 Fri 08:54:51,730
01/12/2017 Fri 08:55:35,730
01/12/2017 Fri 08:55:54,730
01/12/2017 Fri 08:56:14,730
01/12/2017 Fri 08:56:34,730
01/12/2017 Fri 08:56:58,730
01/12/2017 Fri 08:57:24,730
01/12/2017 Fri 08:57:44,730
01/12/2017 Fri 11:59:52,904
01/12/2017 Fri 12:00:16,904
01/12/2017 Fri 12:00:41,904
12/08/2018 Sun 10:47:15,175,604
